Model year,Make,Model,Trim,Fuel Type,Electric range equal to or greater than 50 km,Incentive for Purchase or 48 month Lease,Incentive for 36 month Lease,Incentive for 24 month Lease,Incentive for 12 month Lease,Eligibility date (Year-month-day),_source_url
2025,Alfa Romeo,Tonale,Tonale PHEV Tonale Tributo Italiano PHEV,PHEV,True,5000,3750,2500,1250,2024-09-26,https://tc.canada.ca/en/road-transportation/innovative-technologies/zero-emission-vehicles/incentives-zero-emission-vehicles/eligible-vehicles
2024,Alfa Romeo,Tonale,Sprint PHEV Veloce PHEV,PHEV,True,5000,3750,2500,1250,2023-06-01,https://tc.canada.ca/en/road-transportation/innovative-technologies/zero-emission-vehicles/incentives-zero-emission-vehicles/eligible-vehicles
2025,Audi,Q4 e-tron,45 RWD 55 Quattro,BEV,True,5000,3750,2500,1250,2024-10-01,https://tc.canada.ca/en/road-transportation/innovative-technologies/zero-emission-vehicles/incentives-zero-emission-vehicles/eligible-vehicles
2024,Audi,Q4 e-tron,Quattro,BEV,True,5000,3750,2500,1250,2023-08-29,https://tc.canada.ca/en/road-transportation/innovative-technologies/zero-emission-vehicles/incentives-zero-emission-vehicles/eligible-vehicles
2024,Audi,Q4 e-tron,45 RWD,BEV,True,5000,3750,2500,1250,2024-04-02,https://tc.canada.ca/en/road-transportation/innovative-technologies/zero-emission-vehicles/incentives-zero-emission-vehicles/eligible-vehicles
2024,Audi,Q4 e-tron,50 Quattro,BEV,True,5000,3750,2500,1250,2023-08-29,https://tc.canada.ca/en/road-transportation/innovative-technologies/zero-emission-vehicles/incentives-zero-emission-vehicles/eligible-vehicles
2024,Audi,Q4 e-tron,55 Quattro,BEV,True,5000,3750,2500,1250,2023-12-06,https://tc.canada.ca/en/road-transportation/innovative-technologies/zero-emission-vehicles/incentives-zero-emission-vehicles/eligible-vehicles
2023,Audi,Q4 50 e-tron Quattro,,BEV,True,5000,3750,2500,1250,2022-10-05,https://tc.canada.ca/en/road-transportation/innovative-technologies/zero-emission-vehicles/incentives-zero-emission-vehicles/eligible-vehicles
2022,Audi,Q4 e-tron Quattro,,BEV,True,5000,3750,2500,1250,2022-04-25,https://tc.canada.ca/en/road-transportation/innovative-technologies/zero-emission-vehicles/incentives-zero-emission-vehicles/eligible-vehicles
2018,Audi,A3 Sportback e-tron,Progressiv Technik,PHEV,,2500,1875,1250,625,2019-05-01,https://tc.canada.ca/en/road-transportation/innovative-technologies/zero-emission-vehicles/incentives-zero-emission-vehicles/eligible-vehicles
2025,BMW,i4,eDrive35 Gran Coupe eDrive40 Gran Coupe,BEV,True,5000,3750,2500,1250,2024-07-04,https://tc.canada.ca/en/road-transportation/innovative-technologies/zero-emission-vehicles/incentives-zero-emission-vehicles/eligible-vehicles
2024,BMW,330e,RWD xDrive,PHEV,,2500,1875,1250,625,2023-08-23,https://tc.canada.ca/en/road-transportation/innovative-technologies/zero-emission-vehicles/incentives-zero-emission-vehicles/eligible-vehicles
2024,BMW,i4,eDrive35 Gran Coupe eDrive40 Gran Coupe,BEV,True,5000,3750,2500,1250,2023-08-22,https://tc.canada.ca/en/road-transportation/innovative-technologies/zero-emission-vehicles/incentives-zero-emission-vehicles/eligible-vehicles
2023,BMW,330e,RWD xDrive,PHEV,,2500,1875,1250,625,2022-08-05,https://tc.canada.ca/en/road-transportation/innovative-technologies/zero-emission-vehicles/incentives-zero-emission-vehicles/eligible-vehicles
2023,BMW,i4,eDrive35 eDrive40,BEV,True,5000,3750,2500,1250,2022-08-08,https://tc.canada.ca/en/road-transportation/innovative-technologies/zero-emission-vehicles/incentives-zero-emission-vehicles/eligible-vehicles
2022,BMW,330e,RWD xDrive,PHEV,,2500,1875,1250,625,2021-07-02,https://tc.canada.ca/en/road-transportation/innovative-technologies/zero-emission-vehicles/incentives-zero-emission-vehicles/eligible-vehicles
2022,BMW,X3,xDrive30e,PHEV,,2500,1875,1250,625,2022-04-25,https://tc.canada.ca/en/road-transportation/innovative-technologies/zero-emission-vehicles/incentives-zero-emission-vehicles/eligible-vehicles
2022,BMW,i4,eDrive40,BEV,True,5000,3750,2500,1250,2022-05-03,https://tc.canada.ca/en/road-transportation/innovative-technologies/zero-emission-vehicles/incentives-zero-emission-vehicles/eligible-vehicles
2021,BMW,330e,RWD xDrive,PHEV,,2500,1875,1250,625,2020-04-21,https://tc.canada.ca/en/road-transportation/innovative-technologies/zero-emission-vehicles/incentives-zero-emission-vehicles/eligible-vehicles
2021,BMW,X3,xDrive30e,PHEV,,2500,1875,1250,625,2022-07-25,https://tc.canada.ca/en/road-transportation/innovative-technologies/zero-emission-vehicles/incentives-zero-emission-vehicles/eligible-vehicles
2021,BMW,i3,Range Extender s Range Extender,PHEV,True,5000,3750,2500,1250,2020-12-21,https://tc.canada.ca/en/road-transportation/innovative-technologies/zero-emission-vehicles/incentives-zero-emission-vehicles/eligible-vehicles
2021,BMW,i3,Base s,BEV,True,5000,3750,2500,1250,2020-12-21,https://tc.canada.ca/en/road-transportation/innovative-technologies/zero-emission-vehicles/incentives-zero-emission-vehicles/eligible-vehicles
2020,BMW,i3,Range Extender s Range Extender,PHEV,True,5000,3750,2500,1250,2020-01-16,https://tc.canada.ca/en/road-transportation/innovative-technologies/zero-emission-vehicles/incentives-zero-emission-vehicles/eligible-vehicles
2020,BMW,i3,Base s,BEV,True,5000,3750,2500,1250,2020-01-16,https://tc.canada.ca/en/road-transportation/innovative-technologies/zero-emission-vehicles/incentives-zero-emission-vehicles/eligible-vehicles
2018/2019,BMW,i3,Range Extender s Range Extender,PHEV,True,5000,3750,2500,1250,2019-05-29,https://tc.canada.ca/en/road-transportation/innovative-technologies/zero-emission-vehicles/incentives-zero-emission-vehicles/eligible-vehicles
2018/2019,BMW,i3,Base s,BEV,True,5000,3750,2500,1250,2019-05-29,https://tc.canada.ca/en/road-transportation/innovative-technologies/zero-emission-vehicles/incentives-zero-emission-vehicles/eligible-vehicles?page=1
2025,Cadillac,Optiq,Luxury 1 (1SC) Sport 1 (1SF) Luxury 2 (1SE) Sport 2 (1SH),BEV,True,5000,3750,2500,1250,2024-11-27,https://tc.canada.ca/en/road-transportation/innovative-technologies/zero-emission-vehicles/incentives-zero-emission-vehicles/eligible-vehicles?page=1
2025,Chevrolet,Blazer EV,LT AWD RS AWD,BEV,True,5000,3750,2500,1250,2024-08-29,https://tc.canada.ca/en/road-transportation/innovative-technologies/zero-emission-vehicles/incentives-zero-emission-vehicles/eligible-vehicles?page=1
2025,Chevrolet,Blazer EV,RS RWD,BEV,True,5000,3750,2500,1250,2024-11-29,https://tc.canada.ca/en/road-transportation/innovative-technologies/zero-emission-vehicles/incentives-zero-emission-vehicles/eligible-vehicles?page=1
2025,Chevrolet,Equinox EV,LT FWD LT AWD RS FWD RS AWD,BEV,True,5000,3750,2500,1250,2024-10-04,https://tc.canada.ca/en/road-transportation/innovative-technologies/zero-emission-vehicles/incentives-zero-emission-vehicles/eligible-vehicles?page=1
2024,Chevrolet,Blazer,2LT AWD RS RWD RS AWD,BEV,True,5000,3750,2500,1250,2023-10-05,https://tc.canada.ca/en/road-transportation/innovative-technologies/zero-emission-vehicles/incentives-zero-emission-vehicles/eligible-vehicles?page=1
2024,Chevrolet,Equinox EV,2LT FWD 2LT AWD 3LT FWD 3LT AWD 2RS FWD 2RS AWD 3RS FWD 3RS AWD,BEV,True,5000,3750,2500,1250,2024-03-06,https://tc.canada.ca/en/road-transportation/innovative-technologies/zero-emission-vehicles/incentives-zero-emission-vehicles/eligible-vehicles?page=1
2023,Chevrolet,Bolt EUV,LT Premier,BEV,True,5000,3750,2500,1250,2022-07-15,https://tc.canada.ca/en/road-transportation/innovative-technologies/zero-emission-vehicles/incentives-zero-emission-vehicles/eligible-vehicles?page=1
2023,Chevrolet,Bolt EV,LT,BEV,True,5000,3750,2500,1250,2022-07-15,https://tc.canada.ca/en/road-transportation/innovative-technologies/zero-emission-vehicles/incentives-zero-emission-vehicles/eligible-vehicles?page=1
2022,Chevrolet,Bolt,LT,BEV,True,5000,3750,2500,1250,2021-03-18,https://tc.canada.ca/en/road-transportation/innovative-technologies/zero-emission-vehicles/incentives-zero-emission-vehicles/eligible-vehicles?page=1
2022,Chevrolet,Bolt EUV,LT Premier,BEV,True,5000,3750,2500,1250,2021-03-18,https://tc.canada.ca/en/road-transportation/innovative-technologies/zero-emission-vehicles/incentives-zero-emission-vehicles/eligible-vehicles?page=1
2021,Chevrolet,Bolt,LT (2LT) Premier (2LZ),BEV,True,5000,3750,2500,1250,2020-11-10,https://tc.canada.ca/en/road-transportation/innovative-technologies/zero-emission-vehicles/incentives-zero-emission-vehicles/eligible-vehicles?page=1
2020,Chevrolet,Bolt,LT (2LT) Premier (2LZ),BEV,True,5000,3750,2500,1250,2019-09-16,https://tc.canada.ca/en/road-transportation/innovative-technologies/zero-emission-vehicles/incentives-zero-emission-vehicles/eligible-vehicles?page=1
2018/2019,Chevrolet,Bolt,LT (2LT) Premier (2LZ),BEV,True,5000,3750,2500,1250,2019-05-01,https://tc.canada.ca/en/road-transportation/innovative-technologies/zero-emission-vehicles/incentives-zero-emission-vehicles/eligible-vehicles?page=1
2018/2019,Chevrolet,Volt,LT (2LT) Premier (2LZ),PHEV,True,5000,3750,2500,1250,2019-05-01,https://tc.canada.ca/en/road-transportation/innovative-technologies/zero-emission-vehicles/incentives-zero-emission-vehicles/eligible-vehicles?page=1
2025,Chrysler,Pacifica Hybrid,Select Limited S Appearance,PHEV,True,5000,3750,2500,1250,2024-11-13,https://tc.canada.ca/en/road-transportation/innovative-technologies/zero-emission-vehicles/incentives-zero-emission-vehicles/eligible-vehicles?page=1
2024,Chrysler,Pacifica Hybrid,Select,PHEV,True,5000,3750,2500,1250,2023-10-05,https://tc.canada.ca/en/road-transportation/innovative-technologies/zero-emission-vehicles/incentives-zero-emission-vehicles/eligible-vehicles?page=1
2023,Chrysler,Pacifica Hybrid,Touring-L Limited Pinnacle,PHEV,True,5000,3750,2500,1250,2023-01-09,https://tc.canada.ca/en/road-transportation/innovative-technologies/zero-emission-vehicles/incentives-zero-emission-vehicles/eligible-vehicles?page=1
2022,Chrysler,Pacifica Hybrid,Touring-L Limited Pinnacle,PHEV,True,5000,3750,2500,1250,2021-11-25,https://tc.canada.ca/en/road-transportation/innovative-technologies/zero-emission-vehicles/incentives-zero-emission-vehicles/eligible-vehicles?page=1
2021,Chrysler,Pacifica Hybrid,Touring Touring-L Plus Limited Pinnacle,PHEV,True,5000,3750,2500,1250,2020-11-09,https://tc.canada.ca/en/road-transportation/innovative-technologies/zero-emission-vehicles/incentives-zero-emission-vehicles/eligible-vehicles?page=1
2020,Chrysler,Pacifica Hybrid,Touring Touring L Limited,PHEV,True,5000,3750,2500,1250,2019-09-16,https://tc.canada.ca/en/road-transportation/innovative-technologies/zero-emission-vehicles/incentives-zero-emission-vehicles/eligible-vehicles?page=1
2017/2018/2019,Chrysler,Pacifica Hybrid,Touring Touring L Touring Plus Premium Platinum Limited,PHEV,True,5000,3750,2500,1250,2019-05-01,https://tc.canada.ca/en/road-transportation/innovative-technologies/zero-emission-vehicles/incentives-zero-emission-vehicles/eligible-vehicles?page=1
2025,Dodge,Hornet PHEV,R/T R/T Plus,PHEV,True,5000,3750,2500,1250,2024-11-06,https://tc.canada.ca/en/road-transportation/innovative-technologies/zero-emission-vehicles/incentives-zero-emission-vehicles/eligible-vehicles?page=1
2024,Dodge,Charger,Daytona 2-door AWD,BEV,True,5000,3750,2500,1250,2024-11-27,https://tc.canada.ca/en/road-transportation/innovative-technologies/zero-emission-vehicles/incentives-zero-emission-vehicles/eligible-vehicles?page=1
2024,Dodge,Hornet,R/T PHEV R/T Plus PHEV,PHEV,True,5000,3750,2500,1250,2023-06-02,https://tc.canada.ca/en/road-transportation/innovative-technologies/zero-emission-vehicles/incentives-zero-emission-vehicles/eligible-vehicles?page=1
2024,Fiat,500e,RED,BEV,True,5000,3750,2500,1250,2024-02-22,https://tc.canada.ca/en/road-transportation/innovative-technologies/zero-emission-vehicles/incentives-zero-emission-vehicles/eligible-vehicles?page=2
2024,Fisker,Ocean,Sport 20 Inch Sport 22 Inch Ultra,BEV,True,5000,3750,2500,1250,2024-01-04,https://tc.canada.ca/en/road-transportation/innovative-technologies/zero-emission-vehicles/incentives-zero-emission-vehicles/eligible-vehicles?page=2
2023,Fisker,Ocean,Extreme,BEV,True,5000,3750,2500,1250,2024-04-17,https://tc.canada.ca/en/road-transportation/innovative-technologies/zero-emission-vehicles/incentives-zero-emission-vehicles/eligible-vehicles?page=2
2025,Ford,Escape,PHEV,PHEV,True,5000,3750,2500,1250,2024-09-11,https://tc.canada.ca/en/road-transportation/innovative-technologies/zero-emission-vehicles/incentives-zero-emission-vehicles/eligible-vehicles?page=2
2025,Ford,F-150 Lightning,PRO Std Range XLT Std Range,BEV,True,5000,3750,2500,1250,2024-11-19,https://tc.canada.ca/en/road-transportation/innovative-technologies/zero-emission-vehicles/incentives-zero-emission-vehicles/eligible-vehicles?page=2
2025,Ford,Mach-E,Select RWD Standard Range Select eAWD Standard Range Select eAWD Extended Range Premium RWD Standard Range Premium eAWD Standard Range Premium RWD Extended Range Premium eAWD Extended Range GT,BEV,True,5000,3750,2500,1250,2024-12-13,https://tc.canada.ca/en/road-transportation/innovative-technologies/zero-emission-vehicles/incentives-zero-emission-vehicles/eligible-vehicles?page=2
2024,Ford,Escape,PHEV,PHEV,True,5000,3750,2500,1250,2023-10-05,https://tc.canada.ca/en/road-transportation/innovative-technologies/zero-emission-vehicles/incentives-zero-emission-vehicles/eligible-vehicles?page=2
2024,Ford,F-150 Lightning,Pro Std Range XLT Std Range,BEV,True,5000,3750,2500,1250,2024-02-02,https://tc.canada.ca/en/road-transportation/innovative-technologies/zero-emission-vehicles/incentives-zero-emission-vehicles/eligible-vehicles?page=2
2024,Ford,Mach-E,GT,BEV,True,5000,3750,2500,1250,2024-06-10,https://tc.canada.ca/en/road-transportation/innovative-technologies/zero-emission-vehicles/incentives-zero-emission-vehicles/eligible-vehicles?page=2
2024,Ford,Mach-E,Premium RWD Extended Range Premium eAWD Extended Range Premium RWD Standard Range Premium eAWD Standard Range Select RWD Standard Range Select eAWD Standard Range Select eAWD Extended Range,BEV,True,5000,3750,2500,1250,2024-01-31,https://tc.canada.ca/en/road-transportation/innovative-technologies/zero-emission-vehicles/incentives-zero-emission-vehicles/eligible-vehicles?page=2
2023,Ford,Escape,PHEV,PHEV,True,5000,3750,2500,1250,2022-10-15,https://tc.canada.ca/en/road-transportation/innovative-technologies/zero-emission-vehicles/incentives-zero-emission-vehicles/eligible-vehicles?page=2
2023,Ford,F-150 Lightning,Pro Std Range XLT Std Range,BEV,True,5000,3750,2500,1250,2023-07-17,https://tc.canada.ca/en/road-transportation/innovative-technologies/zero-emission-vehicles/incentives-zero-emission-vehicles/eligible-vehicles?page=2
2023,Ford,Mach-E,GT Performance,BEV,True,5000,3750,2500,1250,2024-02-22,https://tc.canada.ca/en/road-transportation/innovative-technologies/zero-emission-vehicles/incentives-zero-emission-vehicles/eligible-vehicles?page=2
2023,Ford,Mach-E,Premium RWD Standard Range Premium eAWD Standard Range,BEV,True,5000,3750,2500,1250,2023-01-30,https://tc.canada.ca/en/road-transportation/innovative-technologies/zero-emission-vehicles/incentives-zero-emission-vehicles/eligible-vehicles?page=2
2023,Ford,Mach-E,Premium RWD Extended Range Premium eAWD Extended Range California Route 1,BEV,True,5000,3750,2500,1250,2023-05-02,https://tc.canada.ca/en/road-transportation/innovative-technologies/zero-emission-vehicles/incentives-zero-emission-vehicles/eligible-vehicles?page=2
2023,Ford,Mach-E,Select RWD Standard Range Select eAWD Standard Range,BEV,True,5000,3750,2500,1250,2022-10-05,https://tc.canada.ca/en/road-transportation/innovative-technologies/zero-emission-vehicles/incentives-zero-emission-vehicles/eligible-vehicles?page=2
2022,Ford,*Escape PHEV,SE SEL Titanium,PHEV,True,5000,3750,2500,1250,2022-04-25,https://tc.canada.ca/en/road-transportation/innovative-technologies/zero-emission-vehicles/incentives-zero-emission-vehicles/eligible-vehicles?page=2
2022,Ford,Escape PHEV,SE SEL Titanium,PHEV,True,2500,1875,1250,625,2021-11-25,https://tc.canada.ca/en/road-transportation/innovative-technologies/zero-emission-vehicles/incentives-zero-emission-vehicles/eligible-vehicles?page=2
2022,Ford,Mach-E,Premium RWD Extended Range Premium eAWD Extended Range California Route 1,BEV,True,5000,3750,2500,1250,2023-05-02,https://tc.canada.ca/en/road-transportation/innovative-technologies/zero-emission-vehicles/incentives-zero-emission-vehicles/eligible-vehicles?page=2
2022,Ford,Mach-E,Select RWD Standard Range Select eAWD Standard Range Premium RWD Standard range Premium eAWD Standard range,BEV,True,5000,3750,2500,1250,2022-04-25,https://tc.canada.ca/en/road-transportation/innovative-technologies/zero-emission-vehicles/incentives-zero-emission-vehicles/eligible-vehicles?page=2
2021,Ford,*Escape PHEV,SE SEL Titanium,PHEV,True,5000,3750,2500,1250,2022-04-25,https://tc.canada.ca/en/road-transportation/innovative-technologies/zero-emission-vehicles/incentives-zero-emission-vehicles/eligible-vehicles?page=2
2021,Ford,Escape PHEV,SE SEL Titanium,PHEV,True,2500,1875,1250,625,2021-02-08,https://tc.canada.ca/en/road-transportation/innovative-technologies/zero-emission-vehicles/incentives-zero-emission-vehicles/eligible-vehicles?page=2
2020,Ford,*Escape PHEV,SE SEL Titanium,PHEV,True,5000,3750,2500,1250,2022-04-25,https://tc.canada.ca/en/road-transportation/innovative-technologies/zero-emission-vehicles/incentives-zero-emission-vehicles/eligible-vehicles?page=2
2020,Ford,Escape PHEV,SE SEL Titanium,PHEV,True,2500,1875,1250,625,2020-02-27,https://tc.canada.ca/en/road-transportation/innovative-technologies/zero-emission-vehicles/incentives-zero-emission-vehicles/eligible-vehicles?page=2
2020,Ford,Fusion Energi,SEL Titanium,PHEV,,2500,1875,1250,625,2019-08-13,https://tc.canada.ca/en/road-transportation/innovative-technologies/zero-emission-vehicles/incentives-zero-emission-vehicles/eligible-vehicles?page=2
2018/2019,Ford,Fusion Energi,SEL Titanium Platinum,PHEV,,2500,1875,1250,625,2019-05-01,https://tc.canada.ca/en/road-transportation/innovative-technologies/zero-emission-vehicles/incentives-zero-emission-vehicles/eligible-vehicles?page=3
2018,Ford,Focus,Electric,BEV,True,5000,3750,2500,1250,2019-05-01,https://tc.canada.ca/en/road-transportation/innovative-technologies/zero-emission-vehicles/incentives-zero-emission-vehicles/eligible-vehicles?page=3
2024,Honda,Prologue,5D EX 4wd 5D EXL 4wd 5D Touring 4wd,BEV,True,5000,3750,2500,1250,2024-03-01,https://tc.canada.ca/en/road-transportation/innovative-technologies/zero-emission-vehicles/incentives-zero-emission-vehicles/eligible-vehicles?page=3
2021,Honda,Clarity Plug-in Hybrid,Base Touring,PHEV,True,5000,3750,2500,1250,2020-12-09,https://tc.canada.ca/en/road-transportation/innovative-technologies/zero-emission-vehicles/incentives-zero-emission-vehicles/eligible-vehicles?page=3
2019,Honda,Clarity Plug-in Hybrid,Base Touring,PHEV,True,5000,3750,2500,1250,2019-05-01,https://tc.canada.ca/en/road-transportation/innovative-technologies/zero-emission-vehicles/incentives-zero-emission-vehicles/eligible-vehicles?page=3
2018/2020,Honda,Clarity Plug-in Hybrid,Base Touring,PHEV,True,5000,3750,2500,1250,2019-12-03,https://tc.canada.ca/en/road-transportation/innovative-technologies/zero-emission-vehicles/incentives-zero-emission-vehicles/eligible-vehicles?page=3
2025,Hyundai,IONIQ 5,Preferred Standard Range RWD Preferred Long Range RWD Preferred Long Range AWD,BEV,True,5000,3750,2500,1250,2024-12-11,https://tc.canada.ca/en/road-transportation/innovative-technologies/zero-emission-vehicles/incentives-zero-emission-vehicles/eligible-vehicles?page=3
2025,Hyundai,IONIQ 6,Preferred Long Range Preferred AWD Long Range Preferred AWD LR with Ult pkg,BEV,True,5000,3750,2500,1250,2024-08-16,https://tc.canada.ca/en/road-transportation/innovative-technologies/zero-emission-vehicles/incentives-zero-emission-vehicles/eligible-vehicles?page=3
2025,Hyundai,Kona EV,Preferred Preferred w/Trend pkg Preferred w/Ultimate pkg Preferred N Line Ultimate pkg,BEV,True,5000,3750,2500,1250,2024-08-01,https://tc.canada.ca/en/road-transportation/innovative-technologies/zero-emission-vehicles/incentives-zero-emission-vehicles/eligible-vehicles?page=3
2025,Hyundai,Tucson,Ultimate,PHEV,True,5000,3750,2500,1250,2024-09-11,https://tc.canada.ca/en/road-transportation/innovative-technologies/zero-emission-vehicles/incentives-zero-emission-vehicles/eligible-vehicles?page=3
2024,Hyundai,IONIQ 5,Preferred Long Range RWD Preferred AWD Long Range Preferred AWD Long Range with Luxury Package Preferred AWD Long Range with Ultimate Package,BEV,True,5000,3750,2500,1250,2023-10-05,https://tc.canada.ca/en/road-transportation/innovative-technologies/zero-emission-vehicles/incentives-zero-emission-vehicles/eligible-vehicles?page=3
2024,Hyundai,IONIQ 6,Preferred Long Range Preferred AWD Long Range Preferred Long Range with Ultimate Package Preferred AWD Long Range with Ultimate Package,BEV,True,5000,3750,2500,1250,2023-09-13,https://tc.canada.ca/en/road-transportation/innovative-technologies/zero-emission-vehicles/incentives-zero-emission-vehicles/eligible-vehicles?page=3
2024,Hyundai,Kona EV,Preferred Ultimate Ultimate with Two-tone Ext. Ultimate with Sage-Green Int.,BEV,True,5000,3750,2500,1250,2023-11-30,https://tc.canada.ca/en/road-transportation/innovative-technologies/zero-emission-vehicles/incentives-zero-emission-vehicles/eligible-vehicles?page=3
2024,Hyundai,Tucson PHEV,Ultimate,PHEV,True,5000,3750,2500,1250,2023-08-08,https://tc.canada.ca/en/road-transportation/innovative-technologies/zero-emission-vehicles/incentives-zero-emission-vehicles/eligible-vehicles?page=3
2023,Hyundai,IONIQ 5,Preferred Preferred Long Range Preferred AWD Long Range,BEV,True,5000,3750,2500,1250,2022-08-31,https://tc.canada.ca/en/road-transportation/innovative-technologies/zero-emission-vehicles/incentives-zero-emission-vehicles/eligible-vehicles?page=3
2023,Hyundai,IONIQ 6,Preferred RWD Long Range Preferred AWD Long Range Preferred AWD LR with Ult Pkg,BEV,True,5000,3750,2500,1250,2023-04-03,https://tc.canada.ca/en/road-transportation/innovative-technologies/zero-emission-vehicles/incentives-zero-emission-vehicles/eligible-vehicles?page=3
2023,Hyundai,Kona Electric,Preferred Preferred - 2 tone Ultimate,BEV,True,5000,3750,2500,1250,2022-07-22,https://tc.canada.ca/en/road-transportation/innovative-technologies/zero-emission-vehicles/incentives-zero-emission-vehicles/eligible-vehicles?page=3
2023,Hyundai,Santa Fe PHEV,Luxury,PHEV,True,5000,3750,2500,1250,2023-03-05,https://tc.canada.ca/en/road-transportation/innovative-technologies/zero-emission-vehicles/incentives-zero-emission-vehicles/eligible-vehicles?page=3
2023,Hyundai,Tucson PHEV,Luxury PHEV Ultimate PHEV,PHEV,True,5000,3750,2500,1250,2022-08-30,https://tc.canada.ca/en/road-transportation/innovative-technologies/zero-emission-vehicles/incentives-zero-emission-vehicles/eligible-vehicles?page=3
2022,Hyundai,*Santa Fe PHEV,Preferred Luxury,PHEV,True,5000,3750,2500,1250,2022-04-25,https://tc.canada.ca/en/road-transportation/innovative-technologies/zero-emission-vehicles/incentives-zero-emission-vehicles/eligible-vehicles?page=3
2022,Hyundai,*Tucson PHEV,Luxury Ultimate,PHEV,True,5000,3750,2500,1250,2022-04-25,https://tc.canada.ca/en/road-transportation/innovative-technologies/zero-emission-vehicles/incentives-zero-emission-vehicles/eligible-vehicles?page=3
2022,Hyundai,IONIQ 5,Essential Preferred Preferred Long Range Preferred AWD Long Range,BEV,True,5000,3750,2500,1250,2021-11-16,https://tc.canada.ca/en/road-transportation/innovative-technologies/zero-emission-vehicles/incentives-zero-emission-vehicles/eligible-vehicles?page=3
2022,Hyundai,Ioniq plug-In hybrid,Essential Preferred Ultimate,PHEV,,2500,1875,1250,625,2021-09-16,https://tc.canada.ca/en/road-transportation/innovative-technologies/zero-emission-vehicles/incentives-zero-emission-vehicles/eligible-vehicles?page=3
2022,Hyundai,Kona Electric,Preferred Preferred - 2 tone Ultimate,BEV,True,5000,3750,2500,1250,2021-07-13,https://tc.canada.ca/en/road-transportation/innovative-technologies/zero-emission-vehicles/incentives-zero-emission-vehicles/eligible-vehicles?page=3
2022,Hyundai,Santa Fe PHEV,Preferred Luxury,PHEV,True,2500,1875,1250,625,2021-07-12,https://tc.canada.ca/en/road-transportation/innovative-technologies/zero-emission-vehicles/incentives-zero-emission-vehicles/eligible-vehicles?page=3
2022,Hyundai,Tucson PHEV,Luxury Ultimate,PHEV,True,2500,1875,1250,625,2021-07-20,https://tc.canada.ca/en/road-transportation/innovative-technologies/zero-emission-vehicles/incentives-zero-emission-vehicles/eligible-vehicles?page=4
2021,Hyundai,Ioniq electric,Preferred Ultimate,BEV,True,5000,3750,2500,1250,2021-01-27,https://tc.canada.ca/en/road-transportation/innovative-technologies/zero-emission-vehicles/incentives-zero-emission-vehicles/eligible-vehicles?page=4
2021,Hyundai,Ioniq plug-In hybrid,Essential Preferred Ultimate,PHEV,,2500,1875,1250,625,2021-01-27,https://tc.canada.ca/en/road-transportation/innovative-technologies/zero-emission-vehicles/incentives-zero-emission-vehicles/eligible-vehicles?page=4
2021,Hyundai,Kona Electric,Essential Preferred Preferred - 2 tone Ultimate,BEV,True,5000,3750,2500,1250,2020-07-03,https://tc.canada.ca/en/road-transportation/innovative-technologies/zero-emission-vehicles/incentives-zero-emission-vehicles/eligible-vehicles?page=4
2020,Hyundai,Ioniq electric,Preferred Ultimate,BEV,True,5000,3750,2500,1250,2020-01-16,https://tc.canada.ca/en/road-transportation/innovative-technologies/zero-emission-vehicles/incentives-zero-emission-vehicles/eligible-vehicles?page=4
2020,Hyundai,Ioniq plug-In hybrid,Preferred Ultimate,PHEV,,2500,1875,1250,625,2020-01-08,https://tc.canada.ca/en/road-transportation/innovative-technologies/zero-emission-vehicles/incentives-zero-emission-vehicles/eligible-vehicles?page=4
2020,Hyundai,Kona Electric,Essential Preferred Preferred - 2 tone Ultimate,BEV,True,5000,3750,2500,1250,2019-10-15,https://tc.canada.ca/en/road-transportation/innovative-technologies/zero-emission-vehicles/incentives-zero-emission-vehicles/eligible-vehicles?page=4
2019,Hyundai,Ioniq electric,Preferred Ultimate,BEV,True,5000,3750,2500,1250,2019-05-01,https://tc.canada.ca/en/road-transportation/innovative-technologies/zero-emission-vehicles/incentives-zero-emission-vehicles/eligible-vehicles?page=4
2019,Hyundai,Ioniq electric Plus,Preferred Ultimate,PHEV,,2500,1875,1250,625,2019-05-01,https://tc.canada.ca/en/road-transportation/innovative-technologies/zero-emission-vehicles/incentives-zero-emission-vehicles/eligible-vehicles?page=4
2019,Hyundai,Kona Electric,Preferred Ultimate,BEV,True,5000,3750,2500,1250,2019-05-01,https://tc.canada.ca/en/road-transportation/innovative-technologies/zero-emission-vehicles/incentives-zero-emission-vehicles/eligible-vehicles?page=4
2018/2019,Hyundai,Sonata PHEV,Ultimate,PHEV,,2500,1875,1250,625,2019-05-01,https://tc.canada.ca/en/road-transportation/innovative-technologies/zero-emission-vehicles/incentives-zero-emission-vehicles/eligible-vehicles?page=4
2018,Hyundai,Ioniq electric Plus,SE Limited,PHEV,,2500,1875,1250,625,2019-06-17,https://tc.canada.ca/en/road-transportation/innovative-technologies/zero-emission-vehicles/incentives-zero-emission-vehicles/eligible-vehicles?page=4
2017/2018,Hyundai,Ioniq electric,SE SE CCP Limited,BEV,True,5000,3750,2500,1250,2019-06-17,https://tc.canada.ca/en/road-transportation/innovative-technologies/zero-emission-vehicles/incentives-zero-emission-vehicles/eligible-vehicles?page=4
2017,Hyundai,Sonata PHEV,Ultimate,PHEV,,2500,1875,1250,625,2019-06-17,https://tc.canada.ca/en/road-transportation/innovative-technologies/zero-emission-vehicles/incentives-zero-emission-vehicles/eligible-vehicles?page=4
2025,Jeep,Grand Cherokee,4xe,PHEV,,2500,1875,1250,625,2024-09-17,https://tc.canada.ca/en/road-transportation/innovative-technologies/zero-emission-vehicles/incentives-zero-emission-vehicles/eligible-vehicles?page=4
2025,Jeep,Wrangler 4xe,Sport S Willys Sahara,PHEV,,2500,1875,1250,625,2024-09-26,https://tc.canada.ca/en/road-transportation/innovative-technologies/zero-emission-vehicles/incentives-zero-emission-vehicles/eligible-vehicles?page=4
2024,Jeep,Grand Cherokee,4xe,PHEV,,2500,1875,1250,625,2024-06-04,https://tc.canada.ca/en/road-transportation/innovative-technologies/zero-emission-vehicles/incentives-zero-emission-vehicles/eligible-vehicles?page=4
2024,Jeep,Wrangler 4xe,Sport S Willy's Sahara,PHEV,,2500,1875,1250,625,2023-06-27,https://tc.canada.ca/en/road-transportation/innovative-technologies/zero-emission-vehicles/incentives-zero-emission-vehicles/eligible-vehicles?page=4
2023,Jeep,Wrangler 4xe,Unlimited Sahara Unlimited Rubicon,PHEV,,2500,1875,1250,625,2022-08-22,https://tc.canada.ca/en/road-transportation/innovative-technologies/zero-emission-vehicles/incentives-zero-emission-vehicles/eligible-vehicles?page=4
2023,Jeep,Wrangler 4xe,Willys,PHEV,,2500,1875,1250,625,2022-09-26,https://tc.canada.ca/en/road-transportation/innovative-technologies/zero-emission-vehicles/incentives-zero-emission-vehicles/eligible-vehicles?page=4
2022,Jeep,Wrangler 4xe,Unlimited Sahara Unlimited Rubicon,PHEV,,2500,1875,1250,625,2022-04-25,https://tc.canada.ca/en/road-transportation/innovative-technologies/zero-emission-vehicles/incentives-zero-emission-vehicles/eligible-vehicles?page=4
2021,Jeep,Wrangler 4xe,Unlimited Sahara Unlimited Sahara High Altitude Unlimited Rubicon,PHEV,,2500,1875,1250,625,2022-04-25,https://tc.canada.ca/en/road-transportation/innovative-technologies/zero-emission-vehicles/incentives-zero-emission-vehicles/eligible-vehicles?page=4
2025,Kia,EV9,Light RWD Wind RWD Land AWD Land AWD w/Plus pkg Land AWD w/Premium pkg Land AWD w/GT-Line pkg,BEV,True,5000,3750,2500,1250,2024-06-27,https://tc.canada.ca/en/road-transportation/innovative-technologies/zero-emission-vehicles/incentives-zero-emission-vehicles/eligible-vehicles?page=4
2025,Kia,Niro EV,Wind Wind+ Wave,BEV,True,5000,3750,2500,1250,2024-07-23,https://tc.canada.ca/en/road-transportation/innovative-technologies/zero-emission-vehicles/incentives-zero-emission-vehicles/eligible-vehicles?page=4
2025,Kia,Niro PHEV,LX EX EX-Premium,PHEV,True,5000,3750,2500,1250,2024-08-14,https://tc.canada.ca/en/road-transportation/innovative-technologies/zero-emission-vehicles/incentives-zero-emission-vehicles/eligible-vehicles?page=4
2025,Kia,Sorento PHEV,EX PHEV AWD SX PHEV AWD,PHEV,,2500,1875,1250,625,2024-06-06,https://tc.canada.ca/en/road-transportation/innovative-technologies/zero-emission-vehicles/incentives-zero-emission-vehicles/eligible-vehicles?page=5
2025,Kia,Sportage,EX Premium SX,PHEV,True,5000,3750,2500,1250,2024-07-08,https://tc.canada.ca/en/road-transportation/innovative-technologies/zero-emission-vehicles/incentives-zero-emission-vehicles/eligible-vehicles?page=5
2024,Kia,EV6,GT AWD,BEV,True,5000,3750,2500,1250,2024-06-25,https://tc.canada.ca/en/road-transportation/innovative-technologies/zero-emission-vehicles/incentives-zero-emission-vehicles/eligible-vehicles?page=5
2024,Kia,EV6,Wind RWD Land AWD,BEV,True,5000,3750,2500,1250,2023-08-29,https://tc.canada.ca/en/road-transportation/innovative-technologies/zero-emission-vehicles/incentives-zero-emission-vehicles/eligible-vehicles?page=5
2024,Kia,EV9,Light RWD Wind RWD Land AWD,BEV,True,5000,3750,2500,1250,2023-11-05,https://tc.canada.ca/en/road-transportation/innovative-technologies/zero-emission-vehicles/incentives-zero-emission-vehicles/eligible-vehicles?page=5
2024,Kia,Niro EV,Wind Wind + Wave,BEV,True,5000,3750,2500,1250,2023-08-11,https://tc.canada.ca/en/road-transportation/innovative-technologies/zero-emission-vehicles/incentives-zero-emission-vehicles/eligible-vehicles?page=5
2024,Kia,Niro PHEV,EX,PHEV,True,5000,3750,2500,1250,2023-08-11,https://tc.canada.ca/en/road-transportation/innovative-technologies/zero-emission-vehicles/incentives-zero-emission-vehicles/eligible-vehicles?page=5
2024,Kia,Sportage,EX Premium SX,PHEV,True,5000,3750,2500,1250,2023-11-16,https://tc.canada.ca/en/road-transportation/innovative-technologies/zero-emission-vehicles/incentives-zero-emission-vehicles/eligible-vehicles?page=5
2023,Kia,EV6,GT,BEV,True,5000,3750,2500,1250,2024-04-10,https://tc.canada.ca/en/road-transportation/innovative-technologies/zero-emission-vehicles/incentives-zero-emission-vehicles/eligible-vehicles?page=5
2023,Kia,EV6,RWD Standard Range RWD Long Range AWD Long Range,BEV,True,5000,3750,2500,1250,2022-10-13,https://tc.canada.ca/en/road-transportation/innovative-technologies/zero-emission-vehicles/incentives-zero-emission-vehicles/eligible-vehicles?page=5
2023,Kia,Niro EV,Premium Premium+ Limited,BEV,True,5000,3750,2500,1250,2022-11-15,https://tc.canada.ca/en/road-transportation/innovative-technologies/zero-emission-vehicles/incentives-zero-emission-vehicles/eligible-vehicles?page=5
2023,Kia,Niro PHEV,EX,PHEV,True,5000,3750,2500,1250,2022-11-15,https://tc.canada.ca/en/road-transportation/innovative-technologies/zero-emission-vehicles/incentives-zero-emission-vehicles/eligible-vehicles?page=5
2023,Kia,Sorento PHEV,EX EX+ SX,PHEV,True,5000,3750,2500,1250,2022-09-21,https://tc.canada.ca/en/road-transportation/innovative-technologies/zero-emission-vehicles/incentives-zero-emission-vehicles/eligible-vehicles?page=5
2023,Kia,Soul EV,Premium Limited,BEV,True,5000,3750,2500,1250,2022-09-13,https://tc.canada.ca/en/road-transportation/innovative-technologies/zero-emission-vehicles/incentives-zero-emission-vehicles/eligible-vehicles?page=5
2023,Kia,Sportage,EX Premium SX,PHEV,True,5000,3750,2500,1250,2022-09-06,https://tc.canada.ca/en/road-transportation/innovative-technologies/zero-emission-vehicles/incentives-zero-emission-vehicles/eligible-vehicles?page=5
2022,Kia,*Sorento PHEV,EX EX+ SX,PHEV,True,5000,3750,2500,1250,2022-04-25,https://tc.canada.ca/en/road-transportation/innovative-technologies/zero-emission-vehicles/incentives-zero-emission-vehicles/eligible-vehicles?page=5
2022,Kia,EV6,RWD Standard Range RWD Long Range AWD Long Range,BEV,True,5000,3750,2500,1250,2022-02-01,https://tc.canada.ca/en/road-transportation/innovative-technologies/zero-emission-vehicles/incentives-zero-emission-vehicles/eligible-vehicles?page=5
2022,Kia,Niro EV,EX EX+ SX Touring,BEV,True,5000,3750,2500,1250,2021-08-17,https://tc.canada.ca/en/road-transportation/innovative-technologies/zero-emission-vehicles/incentives-zero-emission-vehicles/eligible-vehicles?page=5
2022,Kia,Niro PHEV,EX EX Premium SX Touring,PHEV,,2500,1875,1250,625,2021-08-16,https://tc.canada.ca/en/road-transportation/innovative-technologies/zero-emission-vehicles/incentives-zero-emission-vehicles/eligible-vehicles?page=5
2022,Kia,Sorento PHEV,EX EX+ SX,PHEV,True,2500,1875,1250,625,2021-09-27,https://tc.canada.ca/en/road-transportation/innovative-technologies/zero-emission-vehicles/incentives-zero-emission-vehicles/eligible-vehicles?page=5
2022,Kia,Soul EV,Premium Limited,BEV,True,5000,3750,2500,1250,2021-07-26,https://tc.canada.ca/en/road-transportation/innovative-technologies/zero-emission-vehicles/incentives-zero-emission-vehicles/eligible-vehicles?page=5
2021,Kia,Niro EV,EX EX+ SX Touring,BEV,True,5000,3750,2500,1250,2021-03-12,https://tc.canada.ca/en/road-transportation/innovative-technologies/zero-emission-vehicles/incentives-zero-emission-vehicles/eligible-vehicles?page=5
2021,Kia,Niro PHEV,EX EX Premium SX Touring,PHEV,,2500,1875,1250,625,2021-03-12,https://tc.canada.ca/en/road-transportation/innovative-technologies/zero-emission-vehicles/incentives-zero-emission-vehicles/eligible-vehicles?page=5
2021,Kia,Soul EV,Premium Limited,BEV,True,5000,3750,2500,1250,2020-07-03,https://tc.canada.ca/en/road-transportation/innovative-technologies/zero-emission-vehicles/incentives-zero-emission-vehicles/eligible-vehicles?page=5
2020,Kia,Niro EV,SX Touring EX,BEV,True,5000,3750,2500,1250,2020-02-03,https://tc.canada.ca/en/road-transportation/innovative-technologies/zero-emission-vehicles/incentives-zero-emission-vehicles/eligible-vehicles?page=5
2020,Kia,Niro PHEV,EX Premium SX Touring,PHEV,,2500,1875,1250,625,2020-01-15,https://tc.canada.ca/en/road-transportation/innovative-technologies/zero-emission-vehicles/incentives-zero-emission-vehicles/eligible-vehicles?page=6
2019,Kia,Niro EV,SX Touring EX,BEV,True,5000,3750,2500,1250,2019-05-01,https://tc.canada.ca/en/road-transportation/innovative-technologies/zero-emission-vehicles/incentives-zero-emission-vehicles/eligible-vehicles?page=6
2019,Kia,Niro PHEV,EX Premium SX,PHEV,,2500,1875,1250,625,2019-05-01,https://tc.canada.ca/en/road-transportation/innovative-technologies/zero-emission-vehicles/incentives-zero-emission-vehicles/eligible-vehicles?page=6
2017/2018/2019/2020,Kia,Optima PHEV,EX EX Premium,PHEV,,2500,1875,1250,625,2019-05-01,https://tc.canada.ca/en/road-transportation/innovative-technologies/zero-emission-vehicles/incentives-zero-emission-vehicles/eligible-vehicles?page=6
2017/2018/2019/2020,Kia,Soul EV,EV EV Luxury EV Luxury Sunroof EV Premium EV Limited,BEV,True,5000,3750,2500,1250,2019-05-01,https://tc.canada.ca/en/road-transportation/innovative-technologies/zero-emission-vehicles/incentives-zero-emission-vehicles/eligible-vehicles?page=6
2025,Lexus,NX 450h+,,PHEV,True,5000,3750,2500,1250,2024-05-22,https://tc.canada.ca/en/road-transportation/innovative-technologies/zero-emission-vehicles/incentives-zero-emission-vehicles/eligible-vehicles?page=6
2024,Lexus,NX 450h+,,PHEV,True,5000,3750,2500,1250,2023-03-27,https://tc.canada.ca/en/road-transportation/innovative-technologies/zero-emission-vehicles/incentives-zero-emission-vehicles/eligible-vehicles?page=6
2023,Lexus,NX 450h+,,PHEV,True,5000,3750,2500,1250,2022-11-12,https://tc.canada.ca/en/road-transportation/innovative-technologies/zero-emission-vehicles/incentives-zero-emission-vehicles/eligible-vehicles?page=6
2022,Lexus,NX 450h+,,PHEV,True,5000,3750,2500,1250,2022-04-25,https://tc.canada.ca/en/road-transportation/innovative-technologies/zero-emission-vehicles/incentives-zero-emission-vehicles/eligible-vehicles?page=6
2025,Lincoln,Corsair,Grand Touring,PHEV,,2500,1875,1250,625,2024-09-12,https://tc.canada.ca/en/road-transportation/innovative-technologies/zero-emission-vehicles/incentives-zero-emission-vehicles/eligible-vehicles?page=6
2024,Lincoln,Corsair,Grand Touring,PHEV,,2500,1875,1250,625,2023-08-29,https://tc.canada.ca/en/road-transportation/innovative-technologies/zero-emission-vehicles/incentives-zero-emission-vehicles/eligible-vehicles?page=6
2023,Lincoln,Corsair,Grand Touring,PHEV,,2500,1875,1250,625,2022-12-13,https://tc.canada.ca/en/road-transportation/innovative-technologies/zero-emission-vehicles/incentives-zero-emission-vehicles/eligible-vehicles?page=6
2022,Lincoln,Corsair,Grand Touring,PHEV,,2500,1875,1250,625,2022-04-25,https://tc.canada.ca/en/road-transportation/innovative-technologies/zero-emission-vehicles/incentives-zero-emission-vehicles/eligible-vehicles?page=6
2021,Lincoln,Corsair,Grand Touring,PHEV,,2500,1875,1250,625,2022-04-25,https://tc.canada.ca/en/road-transportation/innovative-technologies/zero-emission-vehicles/incentives-zero-emission-vehicles/eligible-vehicles?page=6
2024,MINI,Cooper SE,Premier Line 2.0 Premier+ Line 2.0,BEV,True,5000,3750,2500,1250,2023-03-31,https://tc.canada.ca/en/road-transportation/innovative-technologies/zero-emission-vehicles/incentives-zero-emission-vehicles/eligible-vehicles?page=6
2023,MINI,3 Door Hatch,Cooper SE,BEV,True,5000,3750,2500,1250,2022-04-07,https://tc.canada.ca/en/road-transportation/innovative-technologies/zero-emission-vehicles/incentives-zero-emission-vehicles/eligible-vehicles?page=6
2023,MINI,Countryman All4,Cooper SE,PHEV,,2500,1875,1250,625,2022-04-07,https://tc.canada.ca/en/road-transportation/innovative-technologies/zero-emission-vehicles/incentives-zero-emission-vehicles/eligible-vehicles?page=6
2022,MINI,3 Door,Cooper SE,BEV,True,5000,3750,2500,1250,2021-03-04,https://tc.canada.ca/en/road-transportation/innovative-technologies/zero-emission-vehicles/incentives-zero-emission-vehicles/eligible-vehicles?page=6
2022,MINI,Countryman,Cooper SE All4,PHEV,,2500,1875,1250,625,2021-03-16,https://tc.canada.ca/en/road-transportation/innovative-technologies/zero-emission-vehicles/incentives-zero-emission-vehicles/eligible-vehicles?page=6
2021,MINI,Countryman,Cooper SE All4,PHEV,,2500,1875,1250,625,2020-09-18,https://tc.canada.ca/en/road-transportation/innovative-technologies/zero-emission-vehicles/incentives-zero-emission-vehicles/eligible-vehicles?page=6
2020/2021,MINI,Cooper SE 3 Door,Classic Premier Premier+,BEV,True,5000,3750,2500,1250,2020-02-13,https://tc.canada.ca/en/road-transportation/innovative-technologies/zero-emission-vehicles/incentives-zero-emission-vehicles/eligible-vehicles?page=6
2018/2019/2020,MINI,Countryman,Cooper S E All4 Cooper SE All4,PHEV,,2500,1875,1250,625,2019-05-01,https://tc.canada.ca/en/road-transportation/innovative-technologies/zero-emission-vehicles/incentives-zero-emission-vehicles/eligible-vehicles?page=6
2025,Mazda,CX-70,GS-L GT,PHEV,,2500,1875,1250,625,2024-04-01,https://tc.canada.ca/en/road-transportation/innovative-technologies/zero-emission-vehicles/incentives-zero-emission-vehicles/eligible-vehicles?page=6
2025,Mazda,CX-90,GS GS-L GT,PHEV,,2500,1875,1250,625,2024-08-14,https://tc.canada.ca/en/road-transportation/innovative-technologies/zero-emission-vehicles/incentives-zero-emission-vehicles/eligible-vehicles?page=6
2024,Mazda,CX-90,GS GS-L GT,PHEV,,2500,1875,1250,625,2023-04-19,https://tc.canada.ca/en/road-transportation/innovative-technologies/zero-emission-vehicles/incentives-zero-emission-vehicles/eligible-vehicles?page=6
2024,Mazda,MX-30,GS GT,BEV,True,5000,3750,2500,1250,2024-04-01,https://tc.canada.ca/en/road-transportation/innovative-technologies/zero-emission-vehicles/incentives-zero-emission-vehicles/eligible-vehicles?page=7
2023,Mazda,MX-30,GS GT,BEV,True,5000,3750,2500,1250,2023-02-09,https://tc.canada.ca/en/road-transportation/innovative-technologies/zero-emission-vehicles/incentives-zero-emission-vehicles/eligible-vehicles?page=7
2022,Mazda,MX-30,GS GT,BEV,True,5000,3750,2500,1250,2021-09-16,https://tc.canada.ca/en/road-transportation/innovative-technologies/zero-emission-vehicles/incentives-zero-emission-vehicles/eligible-vehicles?page=7
2024,Mercedes-Benz,EQB,250+ 300 4MATIC,BEV,True,5000,3750,2500,1250,2024-04-02,https://tc.canada.ca/en/road-transportation/innovative-technologies/zero-emission-vehicles/incentives-zero-emission-vehicles/eligible-vehicles?page=7
2023,Mercedes-Benz,EQB,250+,BEV,True,5000,3750,2500,1250,2023-09-08,https://tc.canada.ca/en/road-transportation/innovative-technologies/zero-emission-vehicles/incentives-zero-emission-vehicles/eligible-vehicles?page=7
2025,Mini,Countryman SE ALL4,Premier Premier+,BEV,True,5000,3750,2500,1250,2024-08-06,https://tc.canada.ca/en/road-transportation/innovative-technologies/zero-emission-vehicles/incentives-zero-emission-vehicles/eligible-vehicles?page=7
2025,Mitsubishi,Outlander PHEV,NOIR Edition,PHEV,True,5000,3750,2500,1250,2024-10-08,https://tc.canada.ca/en/road-transportation/innovative-technologies/zero-emission-vehicles/incentives-zero-emission-vehicles/eligible-vehicles?page=7
2025,Mitsubishi,Outlander PHEV,ES SE LE SEL GT GT-Premium,PHEV,True,5000,3750,2500,1250,2024-08-01,https://tc.canada.ca/en/road-transportation/innovative-technologies/zero-emission-vehicles/incentives-zero-emission-vehicles/eligible-vehicles?page=7
2024,Mitsubishi,Outlander PHEV,ES LE SEL GT GT Premium,PHEV,True,5000,3750,2500,1250,2023-08-16,https://tc.canada.ca/en/road-transportation/innovative-technologies/zero-emission-vehicles/incentives-zero-emission-vehicles/eligible-vehicles?page=7
2024,Mitsubishi,Outlander PHEV,NOIR Edition,PHEV,True,5000,3750,2500,1250,2024-04-28,https://tc.canada.ca/en/road-transportation/innovative-technologies/zero-emission-vehicles/incentives-zero-emission-vehicles/eligible-vehicles?page=7
2023,Mitsubishi,Outlander PHEV,ES LE SEL GT GT Premium,PHEV,True,5000,3750,2500,1250,2022-10-21,https://tc.canada.ca/en/road-transportation/innovative-technologies/zero-emission-vehicles/incentives-zero-emission-vehicles/eligible-vehicles?page=7
2022,Mitsubishi,Outlander PHEV,SE LE Black Edition GT,PHEV,,2500,1875,1250,625,2021-07-06,https://tc.canada.ca/en/road-transportation/innovative-technologies/zero-emission-vehicles/incentives-zero-emission-vehicles/eligible-vehicles?page=7
2021,Mitsubishi,Outlander PHEV,SE LE SEL GT,PHEV,,2500,1875,1250,625,2021-03-15,https://tc.canada.ca/en/road-transportation/innovative-technologies/zero-emission-vehicles/incentives-zero-emission-vehicles/eligible-vehicles?page=7
2020,Mitsubishi,Outlander PHEV,SE LE SEL GT,PHEV,,2500,1875,1250,625,2019-08-26,https://tc.canada.ca/en/road-transportation/innovative-technologies/zero-emission-vehicles/incentives-zero-emission-vehicles/eligible-vehicles?page=7
2018/2019,Mitsubishi,Outlander PHEV,SE-Base SE Limited Edition SE Touring GT,PHEV,,2500,1875,1250,625,2019-05-01,https://tc.canada.ca/en/road-transportation/innovative-technologies/zero-emission-vehicles/incentives-zero-emission-vehicles/eligible-vehicles?page=7
2017,Mitsubishi,i-MiEV,ES,BEV,True,5000,3750,2500,1250,2019-08-26,https://tc.canada.ca/en/road-transportation/innovative-technologies/zero-emission-vehicles/incentives-zero-emission-vehicles/eligible-vehicles?page=7
2025,Nissan,ARIYA,ENGAGE FWD EVOLVE e-4ORCE EVOLVE+ FWD EVOLVE+ e-4ORCE,BEV,True,5000,3750,2500,1250,2024-11-29,https://tc.canada.ca/en/road-transportation/innovative-technologies/zero-emission-vehicles/incentives-zero-emission-vehicles/eligible-vehicles?page=7
2025,Nissan,Leaf,SV SV Plus,BEV,True,5000,3750,2500,1250,2024-04-18,https://tc.canada.ca/en/road-transportation/innovative-technologies/zero-emission-vehicles/incentives-zero-emission-vehicles/eligible-vehicles?page=7
2024,Nissan,Ariya,ENGAGE FWD EVOLVE E4ORCE AWD EVOLVE+ FWD EVOLVE+ E4ORCE EVOLVE+ E4ORCE PL,BEV,True,5000,3750,2500,1250,2024-01-23,https://tc.canada.ca/en/road-transportation/innovative-technologies/zero-emission-vehicles/incentives-zero-emission-vehicles/eligible-vehicles?page=7
2024,Nissan,Leaf,SV SV Plus,BEV,True,5000,3750,2500,1250,2023-07-10,https://tc.canada.ca/en/road-transportation/innovative-technologies/zero-emission-vehicles/incentives-zero-emission-vehicles/eligible-vehicles?page=7
2023,Nissan,Ariya,Engage FWD Venture+ FWD Evolve+ FWD,BEV,True,5000,3750,2500,1250,2022-11-01,https://tc.canada.ca/en/road-transportation/innovative-technologies/zero-emission-vehicles/incentives-zero-emission-vehicles/eligible-vehicles?page=7
2023,Nissan,Ariya,EVOLVE e-4ORCE PLATINUM+ e-4ORCE PREMIERE e-4ORCE,BEV,True,5000,3750,2500,1250,2023-01-24,https://tc.canada.ca/en/road-transportation/innovative-technologies/zero-emission-vehicles/incentives-zero-emission-vehicles/eligible-vehicles?page=7
2023,Nissan,Leaf,SV SV Plus SL Plus,BEV,True,5000,3750,2500,1250,2022-04-13,https://tc.canada.ca/en/road-transportation/innovative-technologies/zero-emission-vehicles/incentives-zero-emission-vehicles/eligible-vehicles?page=7
2022,Nissan,Leaf,SV S Plus SV Plus SL Plus,BEV,True,5000,3750,2500,1250,2021-08-23,https://tc.canada.ca/en/road-transportation/innovative-technologies/zero-emission-vehicles/incentives-zero-emission-vehicles/eligible-vehicles?page=7
2021,Nissan,Leaf,SV S Plus SV Plus SL Plus,BEV,True,5000,3750,2500,1250,2020-11-20,https://tc.canada.ca/en/road-transportation/innovative-technologies/zero-emission-vehicles/incentives-zero-emission-vehicles/eligible-vehicles?page=7
2020,Nissan,Leaf,S SV S Plus SV Plus SL Plus,BEV,True,5000,3750,2500,1250,2020-01-09,https://tc.canada.ca/en/road-transportation/innovative-technologies/zero-emission-vehicles/incentives-zero-emission-vehicles/eligible-vehicles?page=8
2018/2019,Nissan,Leaf,S SV SL S Plus SV Plus SL Plus,BEV,True,5000,3750,2500,1250,2019-05-01,https://tc.canada.ca/en/road-transportation/innovative-technologies/zero-emission-vehicles/incentives-zero-emission-vehicles/eligible-vehicles?page=8
2025,Polestar,2,LRSM LRDM,BEV,True,5000,3750,2500,1250,2024-06-18 to 2024-10-01 *,https://tc.canada.ca/en/road-transportation/innovative-technologies/zero-emission-vehicles/incentives-zero-emission-vehicles/eligible-vehicles?page=8
2024,Polestar,2,LRSM LRDM,BEV,True,5000,3750,2500,1250,2023-05-29,https://tc.canada.ca/en/road-transportation/innovative-technologies/zero-emission-vehicles/incentives-zero-emission-vehicles/eligible-vehicles?page=8
2023,Polestar,2,LRSM LRDM,BEV,True,5000,3750,2500,1250,2022-04-25,https://tc.canada.ca/en/road-transportation/innovative-technologies/zero-emission-vehicles/incentives-zero-emission-vehicles/eligible-vehicles?page=8
2022,Polestar,2,LRSM LRDM,BEV,True,5000,3750,2500,1250,2022-04-25,https://tc.canada.ca/en/road-transportation/innovative-technologies/zero-emission-vehicles/incentives-zero-emission-vehicles/eligible-vehicles?page=8
2024,Subaru,Solterra,AWD,BEV,True,5000,3750,2500,1250,2024-01-29,https://tc.canada.ca/en/road-transportation/innovative-technologies/zero-emission-vehicles/incentives-zero-emission-vehicles/eligible-vehicles?page=8
2023,Subaru,Crosstrek Plug-In Hybrid,Limited,PHEV,,2500,1875,1250,625,2022-08-12,https://tc.canada.ca/en/road-transportation/innovative-technologies/zero-emission-vehicles/incentives-zero-emission-vehicles/eligible-vehicles?page=8
2023,Subaru,Solterra,AWD,BEV,True,5000,3750,2500,1250,2022-10-28,https://tc.canada.ca/en/road-transportation/innovative-technologies/zero-emission-vehicles/incentives-zero-emission-vehicles/eligible-vehicles?page=8
2022,Subaru,Crosstrek Plug-In Hybrid,Limited,PHEV,,2500,1875,1250,625,2022-01-17,https://tc.canada.ca/en/road-transportation/innovative-technologies/zero-emission-vehicles/incentives-zero-emission-vehicles/eligible-vehicles?page=8
2021,Subaru,Crosstrek Plug-In Hybrid,Limited,PHEV,,2500,1875,1250,625,2020-11-10,https://tc.canada.ca/en/road-transportation/innovative-technologies/zero-emission-vehicles/incentives-zero-emission-vehicles/eligible-vehicles?page=8
2020,Subaru,Crosstrek Plug-In Hybrid,Limited,PHEV,,2500,1875,1250,625,2020-01-08,https://tc.canada.ca/en/road-transportation/innovative-technologies/zero-emission-vehicles/incentives-zero-emission-vehicles/eligible-vehicles?page=8
2025,Tesla,Model 3,Long Range RWD-I Long Range AWD-I,BEV,,5000,3750,2500,1250,2024-10-07 to 2025-01-10 **,https://tc.canada.ca/en/road-transportation/innovative-technologies/zero-emission-vehicles/incentives-zero-emission-vehicles/eligible-vehicles?page=8
2025,Tesla,Model Y,Long Range RWD-I Performance-I,BEV,,5000,3750,2500,1250,2024-10-16 to 2025-01-10 **,https://tc.canada.ca/en/road-transportation/innovative-technologies/zero-emission-vehicles/incentives-zero-emission-vehicles/eligible-vehicles?page=8
2025,Tesla,Model Y,Long Range AWD-I,BEV,,5000,3750,2500,1250,2024-11-01 to 2025-01-10 **,https://tc.canada.ca/en/road-transportation/innovative-technologies/zero-emission-vehicles/incentives-zero-emission-vehicles/eligible-vehicles?page=8
2024,Tesla,Model 3,RWD Long Range AWD,BEV,,5000,3750,2500,1250,2024-01-10 to 2025-01-10 **,https://tc.canada.ca/en/road-transportation/innovative-technologies/zero-emission-vehicles/incentives-zero-emission-vehicles/eligible-vehicles?page=8
2024,Tesla,Model 3,RWD Import Long Range AWD Import,BEV,True,5000,3750,2500,1250,2024-01-12 to 2024-10-01 * or 2025-01-10 **,https://tc.canada.ca/en/road-transportation/innovative-technologies/zero-emission-vehicles/incentives-zero-emission-vehicles/eligible-vehicles?page=8
2024,Tesla,Model Y,RWD Import Long Range AWD Import Performance Import,BEV,True,5000,3750,2500,1250,2024-07-15 to 2024-10-01 * or 2025-01-10 **,https://tc.canada.ca/en/road-transportation/innovative-technologies/zero-emission-vehicles/incentives-zero-emission-vehicles/eligible-vehicles?page=8
2024,Tesla,Model Y,RWD Long Range AWD,BEV,,5000,3750,2500,1250,2024-01-10 to 2025-01-10 **,https://tc.canada.ca/en/road-transportation/innovative-technologies/zero-emission-vehicles/incentives-zero-emission-vehicles/eligible-vehicles?page=8
2024,Tesla,Model Y,Performance,BEV,,5000,3750,2500,1250,2024-02-07 to 2025-01-10 **,https://tc.canada.ca/en/road-transportation/innovative-technologies/zero-emission-vehicles/incentives-zero-emission-vehicles/eligible-vehicles?page=8
2023,Tesla,Model 3,RWD,BEV,True,5000,3750,2500,1250,2023-01-13,https://tc.canada.ca/en/road-transportation/innovative-technologies/zero-emission-vehicles/incentives-zero-emission-vehicles/eligible-vehicles?page=8
2023,Tesla,Model 3,Long Range AWD,BEV,True,5000,3750,2500,1250,2023-10-06,https://tc.canada.ca/en/road-transportation/innovative-technologies/zero-emission-vehicles/incentives-zero-emission-vehicles/eligible-vehicles?page=8
2023,Tesla,Model 3,Long Range AWD Import,BEV,,5000,3750,2500,1250,2023-05-11 to 2024-10-01 *,https://tc.canada.ca/en/road-transportation/innovative-technologies/zero-emission-vehicles/incentives-zero-emission-vehicles/eligible-vehicles?page=8
2023,Tesla,Model Y,RWD Long Range AWD,BEV,True,5000,3750,2500,1250,2023-04-21,https://tc.canada.ca/en/road-transportation/innovative-technologies/zero-emission-vehicles/incentives-zero-emission-vehicles/eligible-vehicles?page=8
2023,Tesla,Model Y,Long Range AWD Import,BEV,True,5000,3750,2500,1250,2023-06-01,https://tc.canada.ca/en/road-transportation/innovative-technologies/zero-emission-vehicles/incentives-zero-emission-vehicles/eligible-vehicles?page=8
2025,Toyota,Mirai,XLE,FCEV,True,5000,3750,2500,1250,2024-12-19,https://tc.canada.ca/en/road-transportation/innovative-technologies/zero-emission-vehicles/incentives-zero-emission-vehicles/eligible-vehicles?page=9
2025,Toyota,RAV4 Plug-In Hybrid,SE XSE,PHEV,True,5000,3750,2500,1250,2024-11-14,https://tc.canada.ca/en/road-transportation/innovative-technologies/zero-emission-vehicles/incentives-zero-emission-vehicles/eligible-vehicles?page=9
2025,Toyota,bZ4X,LE XLE,BEV,True,5000,3750,2500,1250,2024-12-19,https://tc.canada.ca/en/road-transportation/innovative-technologies/zero-emission-vehicles/incentives-zero-emission-vehicles/eligible-vehicles?page=9
2024,Toyota,Mirai,XLE,FCEV,True,5000,3750,2500,1250,2024-02-02,https://tc.canada.ca/en/road-transportation/innovative-technologies/zero-emission-vehicles/incentives-zero-emission-vehicles/eligible-vehicles?page=9
2024,Toyota,Prius Plug-In Hybrid,SE XSE XSE Premium,PHEV,True,5000,3750,2500,1250,2023-10-31,https://tc.canada.ca/en/road-transportation/innovative-technologies/zero-emission-vehicles/incentives-zero-emission-vehicles/eligible-vehicles?page=9
2024,Toyota,Prius Prime,SE XSE XSE Premium,PHEV,True,5000,3750,2500,1250,2023-10-31,https://tc.canada.ca/en/road-transportation/innovative-technologies/zero-emission-vehicles/incentives-zero-emission-vehicles/eligible-vehicles?page=9
2024,Toyota,RAV4 Plug-In Hybrid,SE XSE XSE Technology,PHEV,True,5000,3750,2500,1250,2023-10-31,https://tc.canada.ca/en/road-transportation/innovative-technologies/zero-emission-vehicles/incentives-zero-emission-vehicles/eligible-vehicles?page=9
2024,Toyota,RAV4 Prime,SE XSE XSE Technology,PHEV,True,5000,3750,2500,1250,2023-10-31,https://tc.canada.ca/en/road-transportation/innovative-technologies/zero-emission-vehicles/incentives-zero-emission-vehicles/eligible-vehicles?page=9
2024,Toyota,bZ4X,LE XLE XLE Tech Package,BEV,True,5000,3750,2500,1250,2024-01-10,https://tc.canada.ca/en/road-transportation/innovative-technologies/zero-emission-vehicles/incentives-zero-emission-vehicles/eligible-vehicles?page=9
2023,Toyota,Mirai,XLE,FCEV,True,5000,3750,2500,1250,2023-02-02,https://tc.canada.ca/en/road-transportation/innovative-technologies/zero-emission-vehicles/incentives-zero-emission-vehicles/eligible-vehicles?page=9
2023,Toyota,Prius Prime,SE XSE XSE Premium,PHEV,True,5000,3750,2500,1250,2023-04-13,https://tc.canada.ca/en/road-transportation/innovative-technologies/zero-emission-vehicles/incentives-zero-emission-vehicles/eligible-vehicles?page=9
2023,Toyota,RAV4 Prime,SE XSE XSE Technology,PHEV,True,5000,3750,2500,1250,2022-11-05,https://tc.canada.ca/en/road-transportation/innovative-technologies/zero-emission-vehicles/incentives-zero-emission-vehicles/eligible-vehicles?page=9
2023,Toyota,bZ4X,L FWD LE FWD XLE AWD XLE AWD Tech Package,BEV,True,5000,3750,2500,1250,2022-10-28,https://tc.canada.ca/en/road-transportation/innovative-technologies/zero-emission-vehicles/incentives-zero-emission-vehicles/eligible-vehicles?page=9
2022,Toyota,Mirai,XLE,FCEV,True,5000,3750,2500,1250,2022-04-25,https://tc.canada.ca/en/road-transportation/innovative-technologies/zero-emission-vehicles/incentives-zero-emission-vehicles/eligible-vehicles?page=9
2022,Toyota,Prius Prime,Base Technology,PHEV,,2500,1875,1250,625,2021-06-22,https://tc.canada.ca/en/road-transportation/innovative-technologies/zero-emission-vehicles/incentives-zero-emission-vehicles/eligible-vehicles?page=9
2022,Toyota,RAV4 Prime,SE XSE,PHEV,True,5000,3750,2500,1250,2022-01-21,https://tc.canada.ca/en/road-transportation/innovative-technologies/zero-emission-vehicles/incentives-zero-emission-vehicles/eligible-vehicles?page=9
2021,Toyota,Prius Prime,Base Upgrade,PHEV,,2500,1875,1250,625,2020-07-20,https://tc.canada.ca/en/road-transportation/innovative-technologies/zero-emission-vehicles/incentives-zero-emission-vehicles/eligible-vehicles?page=9
2021,Toyota,RAV4 Prime,SE XSE,PHEV,True,5000,3750,2500,1250,2020-08-12,https://tc.canada.ca/en/road-transportation/innovative-technologies/zero-emission-vehicles/incentives-zero-emission-vehicles/eligible-vehicles?page=9
2020,Toyota,Prius Prime,Base Upgrade Technology,PHEV,,2500,1875,1250,625,2019-06-06,https://tc.canada.ca/en/road-transportation/innovative-technologies/zero-emission-vehicles/incentives-zero-emission-vehicles/eligible-vehicles?page=9
2018/2019,Toyota,Prius Prime,Base Upgrade Technology,PHEV,,2500,1875,1250,625,2019-05-01,https://tc.canada.ca/en/road-transportation/innovative-technologies/zero-emission-vehicles/incentives-zero-emission-vehicles/eligible-vehicles?page=9
2025,VinFast,VF7,PLUS,BEV,,5000,3750,2500,1250,2024-10-07,https://tc.canada.ca/en/road-transportation/innovative-technologies/zero-emission-vehicles/incentives-zero-emission-vehicles/eligible-vehicles?page=9
2025,VinFast,VF8,ECO PLUS PLUS Performance,BEV,True,5000,3750,2500,1250,2024-10-07,https://tc.canada.ca/en/road-transportation/innovative-technologies/zero-emission-vehicles/incentives-zero-emission-vehicles/eligible-vehicles?page=9
2024,VinFast,VF8,ECO PLUS PLUS (Performance),BEV,True,5000,3750,2500,1250,2023-11-27,https://tc.canada.ca/en/road-transportation/innovative-technologies/zero-emission-vehicles/incentives-zero-emission-vehicles/eligible-vehicles?page=9
2023,VinFast,VF8,ECO PLUS PLUS (Performance),BEV,True,5000,3750,2500,1250,2023-05-23,https://tc.canada.ca/en/road-transportation/innovative-technologies/zero-emission-vehicles/incentives-zero-emission-vehicles/eligible-vehicles?page=9
2024,Volkswagen,ID.4,Base RWD Pro RWD Pro AWD,BEV,True,5000,3750,2500,1250,2024-02-02,https://tc.canada.ca/en/road-transportation/innovative-technologies/zero-emission-vehicles/incentives-zero-emission-vehicles/eligible-vehicles?page=9
2023,Volkswagen,ID.4,RWD Pro RWD Pro AWD,BEV,True,5000,3750,2500,1250,2022-10-03,https://tc.canada.ca/en/road-transportation/innovative-technologies/zero-emission-vehicles/incentives-zero-emission-vehicles/eligible-vehicles?page=10
2022,Volkswagen,ID.4,Pro AWD Pro,BEV,True,5000,3750,2500,1250,2022-04-25,https://tc.canada.ca/en/road-transportation/innovative-technologies/zero-emission-vehicles/incentives-zero-emission-vehicles/eligible-vehicles?page=10
2021,Volkswagen,ID.4,Pro AWD Pro,BEV,True,5000,3750,2500,1250,2021-03-30,https://tc.canada.ca/en/road-transportation/innovative-technologies/zero-emission-vehicles/incentives-zero-emission-vehicles/eligible-vehicles?page=10
2020,Volkswagen,e-Golf,Comfortline,BEV,True,5000,3750,2500,1250,2019-10-17,https://tc.canada.ca/en/road-transportation/innovative-technologies/zero-emission-vehicles/incentives-zero-emission-vehicles/eligible-vehicles?page=10
2019,Volkswagen,e-Golf,Comfortline,BEV,True,5000,3750,2500,1250,2019-05-01,https://tc.canada.ca/en/road-transportation/innovative-technologies/zero-emission-vehicles/incentives-zero-emission-vehicles/eligible-vehicles?page=10
2017/2018,Volkswagen,e-Golf,Comfortline,BEV,True,5000,3750,2500,1250,2019-09-16,https://tc.canada.ca/en/road-transportation/innovative-technologies/zero-emission-vehicles/incentives-zero-emission-vehicles/eligible-vehicles?page=10
2025,Volvo,EC40,Single Motor Extended Range Twin Motor,BEV,True,5000,3750,2500,1250,2024-07-01,https://tc.canada.ca/en/road-transportation/innovative-technologies/zero-emission-vehicles/incentives-zero-emission-vehicles/eligible-vehicles?page=10
2025,Volvo,EX30,Twin Motor Performance,BEV,True,5000,3750,2500,1250,2024-08-29 to 2024-10-01 *,https://tc.canada.ca/en/road-transportation/innovative-technologies/zero-emission-vehicles/incentives-zero-emission-vehicles/eligible-vehicles?page=10
2025,Volvo,EX30,Single Motor Extended Range,BEV,True,5000,3750,2500,1250,2024-06-09 to 2024-10-01 *,https://tc.canada.ca/en/road-transportation/innovative-technologies/zero-emission-vehicles/incentives-zero-emission-vehicles/eligible-vehicles?page=10
2025,Volvo,EX40,Single Motor Extended Range Twin Motor,BEV,True,5000,3750,2500,1250,2024-07-01,https://tc.canada.ca/en/road-transportation/innovative-technologies/zero-emission-vehicles/incentives-zero-emission-vehicles/eligible-vehicles?page=10
2025,Volvo,S60,Plug-in hybrid,PHEV,True,5000,3750,2500,1250,2024-07-01,https://tc.canada.ca/en/road-transportation/innovative-technologies/zero-emission-vehicles/incentives-zero-emission-vehicles/eligible-vehicles?page=10
2025,Volvo,XC60,Plug-in hybrid,PHEV,True,5000,3750,2500,1250,2024-06-17 to 2024-10-01 *,https://tc.canada.ca/en/road-transportation/innovative-technologies/zero-emission-vehicles/incentives-zero-emission-vehicles/eligible-vehicles?page=10
2024,Volvo,C40 Recharge,Single Motor Twin Motor,BEV,True,5000,3750,2500,1250,2023-05-17,https://tc.canada.ca/en/road-transportation/innovative-technologies/zero-emission-vehicles/incentives-zero-emission-vehicles/eligible-vehicles?page=10
2024,Volvo,S60,Recharge,PHEV,True,5000,3750,2500,1250,2023-06-12,https://tc.canada.ca/en/road-transportation/innovative-technologies/zero-emission-vehicles/incentives-zero-emission-vehicles/eligible-vehicles?page=10
2024,Volvo,XC40 Recharge,Single Motor Twin Motor,BEV,True,5000,3750,2500,1250,2023-05-17,https://tc.canada.ca/en/road-transportation/innovative-technologies/zero-emission-vehicles/incentives-zero-emission-vehicles/eligible-vehicles?page=10
2024,Volvo,XC60,Recharge,PHEV,True,5000,3750,2500,1250,2024-03-01,https://tc.canada.ca/en/road-transportation/innovative-technologies/zero-emission-vehicles/incentives-zero-emission-vehicles/eligible-vehicles?page=10
2023,Volvo,C40,Recharge,BEV,True,5000,3750,2500,1250,2022-08-16,https://tc.canada.ca/en/road-transportation/innovative-technologies/zero-emission-vehicles/incentives-zero-emission-vehicles/eligible-vehicles?page=10
2023,Volvo,V60,Recharge,PHEV,True,5000,3750,2500,1250,2022-09-13,https://tc.canada.ca/en/road-transportation/innovative-technologies/zero-emission-vehicles/incentives-zero-emission-vehicles/eligible-vehicles?page=10
2023,Volvo,XC40,Recharge,BEV,True,5000,3750,2500,1250,2022-08-16,https://tc.canada.ca/en/road-transportation/innovative-technologies/zero-emission-vehicles/incentives-zero-emission-vehicles/eligible-vehicles?page=10
2022,Volvo,V60 Recharge,R Design (Extended Range),PHEV,True,5000,3750,2500,1250,2022-04-25,https://tc.canada.ca/en/road-transportation/innovative-technologies/zero-emission-vehicles/incentives-zero-emission-vehicles/eligible-vehicles?page=10
2022,Volvo,XC40 Recharge,,BEV,True,5000,3750,2500,1250,2022-04-25,https://tc.canada.ca/en/road-transportation/innovative-technologies/zero-emission-vehicles/incentives-zero-emission-vehicles/eligible-vehicles?page=10
2018/2019,smart,EQ fortwo cabriolet,,BEV,True,5000,3750,2500,1250,2019-05-01,https://tc.canada.ca/en/road-transportation/innovative-technologies/zero-emission-vehicles/incentives-zero-emission-vehicles/eligible-vehicles?page=10
2018/2019,smart,EQ fortwo coupe,,BEV,True,5000,3750,2500,1250,2019-05-01,https://tc.canada.ca/en/road-transportation/innovative-technologies/zero-emission-vehicles/incentives-zero-emission-vehicles/eligible-vehicles?page=10
2017/2018,smart,fortwo electric drive cabriolet,,BEV,True,5000,3750,2500,1250,2019-05-01,https://tc.canada.ca/en/road-transportation/innovative-technologies/zero-emission-vehicles/incentives-zero-emission-vehicles/eligible-vehicles?page=10
2017/2018,smart,fortwo electric drive coupe,,BEV,True,5000,3750,2500,1250,2019-05-01,https://tc.canada.ca/en/road-transportation/innovative-technologies/zero-emission-vehicles/incentives-zero-emission-vehicles/eligible-vehicles?page=10
